{
    "js/addons/accordion.js": "1936c4c1cea55eba94da4e7495fdce4928658362b97a072ebe3d242d93848ca4",
    "js/addons/accordion.min.js": "cc8e3d433a28fd530e3b763d98f417438392e988980ea1c49d397ff3d57baa77",
    "js/addons/google_fonts.js": "f365d11cf25908a5b6fb43cbcd32e59d090d1eb6909dfa59642178823a0b0980",
    "js/addons/google_fonts.min.js": "ca284389abf4f8b8c0b0ffd437c9e6df1d81c86d3b4cb89c565573f8fe692d31",
    "js/addons/tabs.js": "5bc0c3d826924193f815a49954101eb406d2b8d694a83788a65e4e241f4eb695",
    "js/addons/tabs.min.js": "a804322151b25e6a5f820352b588f4fedf77d8b5ebd47cc951e50ab93a5d28f7",
    "src/addons/RpNation/addon.json": "7d42a837282ee2f8a099316dc76e9d3f0535f51e8dca20c3f5d877e01cc2aa00",
    "src/addons/RpNation/BbCode/Accordion.php": "e88968f576ba4a794fe2396047ac56aebefb5ea79f03ee3f01cffedbd28e67c5",
    "src/addons/RpNation/BbCode/Font.php": "c72d33173023c9d84c8443a7ffd2ec2d3743725bb9f37de91f57c0cb5dd9a498",
    "src/addons/RpNation/BbCode/FontAwesome.php": "ecf8685817a1f0d000ddf6c452f612e884b09aa1b41d21e0e5b734bc75c4da58",
    "src/addons/RpNation/BbCode/RuleSet.php": "19063d9a60a4ed17b0c47a35898d76440006361a63692727b827c0578ed83466",
    "src/addons/RpNation/BbCode/Tabs.php": "5a23935207ed92523b336c2c77de77cc6196fc7869c20bd81a60b2152b5a6669",
    "src/addons/RpNation/BbCode/Utils.php": "d0a9c0d10c2e7f649f1f80fe917bfba91d4c4644cd4dae72be668629a6a09aaf",
    "src/addons/RpNation/_data/admin_navigation.xml": "064ec797484ac00d5ee37367b50b06846d11f480d00550997712707f8fdac8c0",
    "src/addons/RpNation/_data/admin_permission.xml": "ec6fb97cebf0bceb24f1ed1d5778c1db54eeb7535fbb3e31d824840e7aa9ff87",
    "src/addons/RpNation/_data/advertising_positions.xml": "d2f7cbe844bb1df3cf878d22ff6306249245c8ff6b0b87b9b729744bec538261",
    "src/addons/RpNation/_data/api_scopes.xml": "6793eaf758f140e8137187ba20e65f4faccf53410433ae3ad7a8b3b38cb6b3b7",
    "src/addons/RpNation/_data/bb_codes.xml": "d6e683a3e504903ff58155d9adc847dfdabcb0523be105a0788b2c56c378a1be",
    "src/addons/RpNation/_data/bb_code_media_sites.xml": "29762987990187b33e43cfb68c08dc917b2d3f0176613d78f8e6c453f82da3f3",
    "src/addons/RpNation/_data/class_extensions.xml": "6e7764ce0f25f522d52a9d03faf591faec4c0287009bdfb200b2dab92e9df2ac",
    "src/addons/RpNation/_data/code_events.xml": "8370dec3df47f91df4cf79da253446ad11b29f4ea568fe76c774e97a0379f0eb",
    "src/addons/RpNation/_data/code_event_listeners.xml": "d6b5072f4909dee7a20ee9e44b163f95c8aa52e6ac7f573e292000cd9238c331",
    "src/addons/RpNation/_data/content_type_fields.xml": "c7ad5472b28f465b7ac7617627707eba1b7a39d28089460d52e1ed292fc0b06a",
    "src/addons/RpNation/_data/cron.xml": "323c4284742ef24329cd6db6f288eb9736d2353f36852e1db12591e1583aea26",
    "src/addons/RpNation/_data/help_pages.xml": "a8a0c0b06cdc550438bc8a8d385af3e1e5ab3459877dfb934c1c31be59c89163",
    "src/addons/RpNation/_data/member_stats.xml": "89fb2b93ff1eca7a1f6f752248edf6090dfd24037db1446fd18ff7143f08124d",
    "src/addons/RpNation/_data/navigation.xml": "f75e1c03a45a360bbdfcd0567121665082315068475d5b0feb8b1acbb1688651",
    "src/addons/RpNation/_data/options.xml": "1cea29aa5671733d85c8fc6f7c66128eacbca5643cbb38585eb82002879b51a4",
    "src/addons/RpNation/_data/option_groups.xml": "154d7a89664b243d0bd8227c22e241f934bf7e196c83230ee23d3c0c4fba1333",
    "src/addons/RpNation/_data/permissions.xml": "7e4fc7d5826733d15ea2d8936b9bdd41afcaad810eb38e50da3c8d8eafda1550",
    "src/addons/RpNation/_data/permission_interface_groups.xml": "3177224e96458b829aa7fb24866dda9e0455a4922aee3d669b53f59a1ffdf5d1",
    "src/addons/RpNation/_data/phrases.xml": "77152408d6adb23f82ba51c2f604078752a1a719733e475d2474e3d84d5dd0e8",
    "src/addons/RpNation/_data/routes.xml": "550fa64f9feedf137dd877b38c2684f94474619d2d83890dbb717a91b50da8f5",
    "src/addons/RpNation/_data/style_properties.xml": "8b8690a8512f01f219dd2da76e3d0c5f62afc1f317b87794a7331c859c36a7a8",
    "src/addons/RpNation/_data/style_property_groups.xml": "68e1879cb3846c42d978487aa8d5145ff3335fc39e58016878824d5cf3fd684c",
    "src/addons/RpNation/_data/templates.xml": "937f7c9f7bedab0298ff480b6a5cc08bee12da6c9977c5de6251d5ebccf6a915",
    "src/addons/RpNation/_data/template_modifications.xml": "9dcfc0a4fe2f182d3a5807a40389fbe46dc7a43bca4d13ad3722ec5fa673603f",
    "src/addons/RpNation/_data/widget_definitions.xml": "37e46965256430f24004c2e7f08ba08f9b0d1cbcc4d70e84b3f4e3ffb713e64b",
    "src/addons/RpNation/_data/widget_positions.xml": "a29cee66134f6bc5d75ed9df1eef21096c24401915c5b5c774389c3d7bb2d5b3",
    "styles/bbcodeassets/baroverlay.png": "f369baee8a21fbc66d1bc42457000c7d590611942f44b7baa6eb93d4c38553e4",
    "styles/bbcodeassets/baroverlay2.png": "f369baee8a21fbc66d1bc42457000c7d590611942f44b7baa6eb93d4c38553e4",
    "styles/bbcodeassets/block.png": "4a543c5b29967e835e371f53da8acd3e8c8788d004f928778b03287bc3c845b3",
    "styles/bbcodeassets/blue-paper-bar.jpg": "e511f9b013f3aaefa600091e0e995aa03ddd1d6c32d760f82567edcfa106b0fa",
    "styles/bbcodeassets/check.jpg": "ef971de22d0e0b18fc9a70d58ccb00e5d5439488a17c1c5365f12ff68599592b",
    "styles/bbcodeassets/colorannounce.png": "5e675fa490b8a10ff948a6cdd643f2b0ba57cfab387ba3c11b7b6ee3290407c7",
    "styles/bbcodeassets/colorcharacter.png": "c106af2219585b1703b56d98cbe25f79c12b91ec3ccc170ab0cb603a6d2436a8",
    "styles/bbcodeassets/colordice.png": "842565196463013c2b28dbe7a5c366a1e1b10b54c1e62b3509a213aeebfca126",
    "styles/bbcodeassets/colordice10.png": "099c7a734b3a1d31b66b82d40d5d859a86468f7ef690b63abe1656ebdd164e7d",
    "styles/bbcodeassets/colorencounter.png": "7cdf749be23c2749cdde1ef4d13d6232276a7014d909feb5d9f755772850d690",
    "styles/bbcodeassets/colorexclaim.png": "169dee9ff50d2e4ab5ea582fa0133f6b00940f9676c6af160785cdd151db28da",
    "styles/bbcodeassets/colorfoot.png": "aac5e2e88cbf8a0d4b9dee9e5ffad3e6d7985406fe3956199a6a169c222c879b",
    "styles/bbcodeassets/colorinfo.png": "3c47b6955d02b262943d092c420993a7c8bcaccef0288348ce465e6bda4ea0ed",
    "styles/bbcodeassets/colorpencil.png": "c83ff7a2041bde308cc97d7366833d325dbaf5ee792616d1a2a0663dd914521c",
    "styles/bbcodeassets/colorquestion.png": "8381c4f0414252c5bbce03bf3d5e1842d7c7a18f7e9cf0d769a03b9a70c6875e",
    "styles/bbcodeassets/colorsetting.png": "20fca42c84bb453b5c75bfcfb871736f74e982d3ff5db793658f59b4cbec7d1e",
    "styles/bbcodeassets/colortreasure.png": "4e6e10665d2c8c7df3e389b21e59bfe810a42a84c09343fd2f9c4d2baf4dfd0b",
    "styles/bbcodeassets/colorwarning.png": "24f21df66f4d0d6ab0e6713447e8d96e34a66046658aac80f8b1806a4710c565",
    "styles/bbcodeassets/cross.jpg": "404ab90ee114a5966d3c69cc072c66fcd32a69e0805dbb867d83b382c51b7de5",
    "styles/bbcodeassets/digitalbox.png": "d9e1df4e1c75b34f687ffec9f63678234221a07cc03b607f7e73e43c7ef5bfc4",
    "styles/bbcodeassets/email_top.png": "f2ec057e2741b5320ec1ff520480e48717fbc5e34d9f281134cbe522fe4c0425",
    "styles/bbcodeassets/green-paper-bar.jpg": "6c43f037786122165999d84ab30cac7a72c5e79dd09a911375599b30f422f840",
    "styles/bbcodeassets/grey-paper-bar.jpg": "9c263f41d22d07c33213fa5bfba7191d6fafb8ad0c19163d6fb71d9c574a723b",
    "styles/bbcodeassets/greyannounce.png": "fbd643156a680d2225d2039aa3aa1a2ef4eddf32424038b337a3b6feb152f3f0",
    "styles/bbcodeassets/greycharacter.png": "ede291b06912b3c87c2d6dac24a0f5a2e5b61fd887c1f382ea854d52d6320a50",
    "styles/bbcodeassets/greydice.png": "6bf8560682041146e373ef20ba8174ec511ce6630f64e99f62e0d7b763b943fb",
    "styles/bbcodeassets/greydice10.png": "fe27777d0aff7606ca2bfea7cb7d667face0f20815eed7eaddcb4e63c9398a82",
    "styles/bbcodeassets/greyencounter.png": "86bc5e377d290c440c38b8e058dd76cadd8682ed12d70aff7f50cda0c5f7ad67",
    "styles/bbcodeassets/greyexclaim.png": "ab77a19c8c687e976f53ff41ddc1cfcf0c3f87b8008b953310c82674c69a427c",
    "styles/bbcodeassets/greyinfo.png": "67f27fb3db111f78173c4f3cf2214c42f6a1fc6a000f3a96b4e2ab6963dd14d3",
    "styles/bbcodeassets/greyleftquote.png": "f0ee23e9d18d627a8333c34994ee7d54d7e0cffc20feb2dd50074b6b4551e80d",
    "styles/bbcodeassets/greypencil.png": "a673f7a3df1e474f4d7c9d3864ced2da906a22acbaa889f2b59fc91841aa7b7f",
    "styles/bbcodeassets/greyquestion.png": "1c94eee87ed4cd9b08ce1a1140d6edb3fa66dbfd23d0ca709ae9549a9df81ebe",
    "styles/bbcodeassets/greyrightquote.png": "cf9df5525fbfe6666b4bb35b3e0088e86cf750419205af931ef8826f77f6a5dc",
    "styles/bbcodeassets/greysetting.png": "a49294a7eabc7c6e2aab839d5c16b9bbbf769e7618aaef97593653974ac62fb3",
    "styles/bbcodeassets/greytreasure.png": "dca9a2de0257a21993318ba6f01ac7330c17d850e15fa78d825178d60df4c331",
    "styles/bbcodeassets/greywarning.png": "76da6d7ac2deb15f3e13c42bad293bf7870729028bd3b885e7b7de2747cd5917",
    "styles/bbcodeassets/linedpaper.png": "2cb69b5fed9d6dbcae1cf2fd341325c8b5ac210b63b4e678d1b7500236127546",
    "styles/bbcodeassets/lockedthread.png": "34a4ef50e6550caff32ab7f08d9bfedf83344ac47b02d22f105fc65ce37e596d",
    "styles/bbcodeassets/notecorner.jpg": "36f3c682177fe9b738d74c32ee5bdc5b3b1e09a75569d61d2d2181ce688ee1d4",
    "styles/bbcodeassets/paper-bottom.png": "b582134f17eec0b87897ce2b7461a1b5599ec205ef8360a1dd2c94b7fe97a2bb",
    "styles/bbcodeassets/paper-bottom2.png": "06a88aa50d641bf1ca92b1baa634a575c9916843a7b4cb5144dd62bba0d1fccc",
    "styles/bbcodeassets/paper-bottom3.png": "b56bb680f96ae75266d3c3fe1f83e401d63e7cd74597e2100dca9c4b94fd8569",
    "styles/bbcodeassets/paper-top.png": "f00a0105f9371b1991458a39f296078eece6c6704ed87f73d0024e7a93f29cfb",
    "styles/bbcodeassets/paper-top2.png": "31e42ae7d6e2cf4ecbdd8ce57de32fb209ee80c529807c73a211ab21e351fa13",
    "styles/bbcodeassets/paper-top3.png": "71c85136ff75f31567e0532bde146380a967baaf3b3d4c158f53388cdddb474d",
    "styles/bbcodeassets/paper.jpg": "6691fb732ecc52968359ba81a60c9b8edfd133d5a4448c587f73bb50baae07a4",
    "styles/bbcodeassets/papergraph.jpg": "43ebe8f10ff8399c596406be929a11691f1839f50399585879e6b529dd34732c",
    "styles/bbcodeassets/paperlined.jpg": "363ec55e95f1b48faa853fe65d043fd8ed916139c3fab987be9904f82667bb9b",
    "styles/bbcodeassets/paperparchment.jpg": "800afb0b09bb18b08f75b610d78d35af655aeab660dc287226ce48a94c2f5833",
    "styles/bbcodeassets/star.png": "bc50be230cacafabcaa577729a10cbf19565fdeb2924c2fcc4a0ae23e496d914",
    "styles/bbcodeassets/stepfoot.png": "1692f2d00b80214774fab4a4078bce18d3dd5f64e53a5143f29f045b34e089d4",
    "styles/bbcodeassets/stickiedthread.png": "813308a03d78c3d67126b978997d4da8e7b182ba0ce3487f85dc083b2ea18eda",
    "styles/bbcodeassets/textmessagebox.png": "4374845d9b008e924051097a59d39d7f9bc75da09a6c8e3ee3f361c0b358ce6a",
    "styles/bbcodeassets/textmessagecolorarrow.png": "408de04d3aec1385f17ebb16fd88e470c713bbdf04b9ca1d468671e6cdd94517",
    "styles/bbcodeassets/textmessagegreyarrow.png": "3dad270ba89b9d30c1addbd094964bac260f8add961241c210c7967c3686fbe3",
    "styles/bbcodeassets/thick-blue-paper-bar.png": "fb1e5bddc8a186c6edcf2c9d06ec88b4f1c79ab2d99473096b47025c32427d13",
    "styles/bbcodeassets/thick-green-paper-bar.png": "0c49bfcef39a73db8aaecd7c9f733379e25af01c5866a37cd91c57b59ed4d6d7",
    "styles/bbcodeassets/thick-grey-paper-bar.png": "0124fde50307ad2d095c64fc4d03a8e5ff2f69d7fb0b15dcf6bae9d706a6b03e"
}